﻿1,Alabama,SEC,Steve Sarkisian,2500000,0,2500000,2500000,0,8850000
2,Auburn,SEC,Kevin Steele,2500000,0,2500000,2500000,0,6760000
3,Louisiana State,SEC,Bo Pelini,2305000,28750,2276250,2276250,115000,7461950
4,Clemson,ACC,Brent Venables,2400000,240000,2160000,2161500,240000,7641500
5,Texas A&M,SEC,Mike Elko,2100000,0,2100000,2100000,0,7503197
6,Florida,SEC,Todd Grantham,1801500,0,1801500,1801500,0,6300000
7,Oklahoma,Big 12,Alex Grinch,1800000,81667,1718333,1718333,140000,6283333
8,Michigan,Big Ten,Don Brown,1700000,0,1700000,1700000,0,6270000
9,Tennessee,SEC,Jim Chaney,1600000,0,1600000,1600000,0,6312292
10,Texas,Big 12,Mike Yurcich,1700000,143646,1556354,1556354,246250,6329999
11,Clemson,ACC,Tony Elliott,1600000,80000,1520000,1520000,201667,7641500
12,Ohio State,Big Ten,Kerry Coombs,1400000,29167,1370833,1370833,52500,7859200
13,Arkansas,SEC,Barry Odom,1300000,25000,1275000,1275000,45833,5036250
14,Georgia,SEC,Dan Lanning,1250000,0,1250000,1254500,0,7244000
15,Alabama,SEC,Pete Golding,1225000,0,1225000,1225000,0,8850000
16,South Carolina,SEC,Travaris Robinson,1200000,19250,1180750,1180750,38500,5095792
17,South Carolina,SEC,Mike Bobo,1200000,19250,1180750,1180750,38500,5095792
18,Ohio State,Big Ten,Kevin Wilson,1200000,20000,1180000,1180000,45000,7859200
19,Ohio State,Big Ten,Greg Mattison,1133000,18883,1114117,1114117,18883,7859200
20,Ohio State,Big Ten,Larry Johnson,1133000,18883,1114117,1114117,42487,7859200
21,Georgia,SEC,Todd Monken,1100000,0,1100000,1100000,0,7244000
22,Wisconsin,Big Ten,Jim Leonhard,1128534,89460,1039074,1039074,89460,4192111
23,Texas Christian,Big 12,Sonny Cumbie,--,--,--,1020465,--,--
24,Tennessee,SEC,Derrick Ansley,1000000,0,1000000,1000000,0,6312292
25,Louisiana State,SEC,Steve Ensminger,1000000,12500,987500,989750,50000,7461950
26,Washington,Pac-12,Pete Kwiatkowski,1000008,17500,982508,982508,31250,5059925
27,Arkansas,SEC,Kendal Briles,1000000,25000,975000,975000,25000,5036250
28,Illinois,Big Ten,Rod Smith,950000,11250,938750,938750,71250,4001675
29,Michigan State,Big Ten,Jay Johnson,975000,39813,935187,935187,68250,5717438
30,Michigan State,Big Ten,Scottie Hazelton,950000,38792,911208,911208,66500,5717438
31,Kentucky,SEC,Eddie Gran,900000,0,900000,901200,0,5781100
32,Michigan,Big Ten,Josh Gattis,900000,0,900000,900000,0,6270000
33,Kentucky,SEC,Vince Marrow,900000,0,900000,900000,0,5781100
34,Georgia,SEC,Matt Luke,900000,0,900000,900000,0,7244000
35,Missouri,SEC,Ryan Walters,900000,22500,877500,877500,22500,4840875
36,Texas A&M,SEC,Elijah Robinson,875000,0,875000,876200,0,7503197
37,Kentucky,SEC,Brad White,875000,0,875000,876200,0,5781100
38,Texas A&M,SEC,Darrell Dickey,866667,0,866667,867067,0,7503197
39,Utah,Pac-12,Andy Ludwig,900000,45000,855000,855000,45000,4255000
40,Oregon,Pac-12,Joe Moorhead,900000,58125,841875,841875,99792,4770626
41,Washington,Pac-12,John Donovan,850008,14875,835133,835133,25813,5059925
42,North Carolina,ACC,Jay Bateman,900000,75000,825000,825000,135000,4868415
43,North Carolina,ACC,Phil Longo,900000,75000,825000,825000,135000,4868415
44,Maryland,Big Ten,Scottie Montgomery,829500,9375,820125,820125,19375,3569567
45,Oklahoma,Big 12,Bill Bedenbaugh,810000,0,810000,810000,0,6283333
46,Iowa State,Big 12,Tom Manning,900000,90000,810000,810000,90000,4127500
47,Iowa State,Big 12,Jon Heacock,900000,90000,810000,810000,90000,4127500
48,Rutgers,Big Ten,Sean Gleeson,805000,0,805000,805000,0,4142701
49,Iowa,Big Ten,Phil Parker,890000,89000,801000,801000,89000,4753600
50,Alabama,SEC,Charles Kelly,800000,0,800000,800000,0,8850000
51,Tennessee,SEC,Will Friend,800000,0,800000,800000,0,6312292
52,Oklahoma State,Big 12,Jim Knowles,800000,0,800000,800000,0,4736875
53,Oklahoma State,Big 12,Kasey Dunn,800000,0,800000,800000,0,4736875
54,Louisiana State,SEC,Scott Linehan,805000,10000,795000,795000,40000,7461950
55,Florida State,ACC,Adam Fuller,800000,12000,788000,788000,24000,5355750
56,Penn State,Big Ten,Brent Pry,--,--,--,786633,--,--
57,Iowa,Big Ten,Brian Ferentz,860000,86000,774000,774600,86000,4753600
58,Nebraska,Big Ten,Erik Chinander,800000,26667,773333,773333,26667,4205000
59,Oregon,Pac-12,Andy Avalos,815000,52635,762365,762365,88677,4770626
60,Louisville,ACC,Dwayne Ledford,750000,0,750000,750000,0,4555000
61,Louisville,ACC,Bryan Brown,750000,0,750000,750000,0,4555000
62,Wisconsin,Big Ten,Joe Rudolph,820200,81023,739177,739477,81023,4192111
63,Texas,Big 12,Chris Ash,800000,64896,735104,735104,111250,6329999
64,Auburn,SEC,Chad Morris,735000,0,735000,735000,0,6760000
65,California,Pac-12,Peter Sirmon,750000,21666,728334,728334,21666,3623218
66,Alabama,SEC,Jeff Banks,725000,0,725000,725000,0,8850000
67,Michigan,Big Ten,Ed Warinner,725000,0,725000,725000,0,6270000
68,Texas A&M,SEC,Dameyune Craig,700000,0,700000,700000,0,7503197
69,Alabama,SEC,Freddie Roach,700000,0,700000,700000,0,8850000
70,Arizona State,Pac-12,Antonio Pierce,700000,0,700000,700000,0,3700000
71,Texas,Big 12,Jay Boulware,700000,0,700000,700000,0,6329999
72,UCLA,Pac-12,Jerry Azzinaro,700000,0,700000,700000,0,4280800
73,UCLA,Pac-12,Justin Frye,700000,0,700000,700000,0,4280800
74,Michigan State,Big Ten,Mike Tressel,723000,27252,695748,695748,46717,5717438
75,Kansas,Big 12,D.J. Eliot,700000,8944,691056,691056,80500,2669930
76,Ohio State,Big Ten,Greg Studrawa,700000,11667,688333,688333,26250,7859200
77,Washington,Pac-12,Scott Huff,700008,12250,687758,687758,21000,5059925
78,South Carolina,SEC,Eric Wolford,700000,15400,684600,684600,30800,5095792
79,Mississippi,SEC,DJ Durkin,700000,17500,682500,682500,17500,4753125
80,Mississippi,SEC,Jeff Lebby,700000,17500,682500,682500,17500,4753125
81,Georgia,SEC,Dell McGee,675000,0,675000,676500,0,7244000
82,West Virginia,Big 12,Vic Koenning,676000,0,676000,676000,0,3746980
83,Alabama,SEC,Sal Sunseri,675000,0,675000,675000,0,8850000
84,Rutgers,Big Ten,Robb Smith,675000,0,675000,675000,0,4142701
85,Michigan State,Big Ten,Chris Kapilovic,700000,28583,671417,671417,49000,5717438
86,Oregon State,Pac-12,Brian Lindgren,700008,32014,667994,667994,48021,3368446
87,Arizona,Pac-12,Paul Rhoads,750000,82083,667917,667917,82083,3067944
88,NC State,ACC,Tony Gibson,700000,37917,662083,662083,96250,3957436
89,Kentucky,SEC,Jon Sumrall,650000,0,650000,650900,0,5781100
90,Tennessee,SEC,Jimmy Brumbaugh,650000,0,650000,650000,0,6312292
91,California,Pac-12,Bill Musgrave,650000,0,650000,650000,0,3623218
92,Alabama,SEC,Kyle Flood,650000,0,650000,650000,0,8850000
93,Texas,Big 12,Stanley Drayton,650000,0,650000,650000,0,6329999
94,Auburn,SEC,Rodney Garner,650000,0,650000,650000,0,6760000
95,Maryland,Big Ten,Jon Hoke,679500,33975,645525,645525,69200,3569567
96,Louisiana State,SEC,James Cregg,650000,8125,641875,644125,34375,7461950
97,Texas,Big 12,Herb Hand,700000,56146,643854,643854,96250,6329999
98,NC State,ACC,Tim Beck,700000,61250,638750,638750,96250,3957436
99,Florida,SEC,Billy Gonzales,631500,0,631500,631500,0,6300000
100,Florida,SEC,John Hevesy,631500,0,631500,631500,0,6300000
101,Arkansas,SEC,Brad Davis,650000,25000,625000,625000,45833,5036250
102,Iowa,Big Ten,Ken O'Keefe,685000,68500,616500,616500,68500,4753600
103,Florida State,ACC,Kenny Dillingham,625000,9375,615625,615625,18750,5355750
104,Clemson,ACC,Robbie Caldwell,640000,32000,608000,610500,64000,7641500
105,Missouri,SEC,Brick Haley,625000,15625,609375,609375,15625,4840875
106,Mississippi,SEC,Chris Partridge,625000,15625,609375,609375,15625,4753125
107,Virginia,ACC,Robert Anae,650000,41979,608021,608021,41979,3572868
108,Oregon,Pac-12,Joe Salave'a,650000,41979,608021,608021,41979,4770626
109,Virginia,ACC,Nick Howell,650000,41979,608021,608021,41979,3572868
110,Ohio State,Big Ten,Tony Alford,618000,10300,607700,607700,10300,7859200
111,Georgia,SEC,Glenn Schumann,600000,0,600000,604500,0,7244000
112,Georgia,SEC,Tray Scott,600000,0,600000,602500,0,7244000
113,Georgia,SEC,Charlton Warren,600000,0,600000,601500,0,7244000
114,Georgia Tech,ACC,Brent Key,600000,0,600000,600000,0,3236000
115,Arizona State,Pac-12,Zak Hill,600000,0,600000,600000,0,3700000
116,Texas A&M,SEC,Josh Henson,600000,0,600000,600000,0,7503197
117,Arizona State,Pac-12,Marvin Lewis,600000,0,600000,600000,0,3700000
118,Mississippi State,SEC,Zach Arnett,600000,0,600000,600000,0,4300000
119,Utah,Pac-12,Jim Harding,600000,0,600000,600000,0,4255000
120,Purdue,Big Ten,Bob Diaco,625000,31250,593750,593750,93750,3472150
121,Minnesota,Big Ten,Joseph Rossi,625000,38462,586538,586538,62500,3619926
122,Minnesota,Big Ten,Mike Sanford Jr.,625000,38462,586538,586538,62500,3619926
123,Kansas State,Big 12,Courtney Messingham,625000,44271,580729,580729,62500,3402607
124,Oklahoma,Big 12,Cale Gundy,580000,0,580000,580000,0,6283333
125,Texas Tech,Big 12,David Yost,600000,22292,577708,577708,53500,3564139
126,Texas Tech,Big 12,Keith Patterson,600000,22292,577708,577708,53500,3564139
127,Rutgers,Big Ten,Francis Brown,575000,0,575000,575000,0,4142701
128,Oregon State,Pac-12,Tim Tibesar,600000,25800,574200,574200,39238,3368446
129,Tennessee,SEC,Jay Graham,575000,3958,571042,571042,15833,6312292
130,Louisiana State,SEC,Corey Raymond,575000,7188,567812,570062,29688,7461950
131,Washington,Pac-12,Bob Gregory,575004,10063,564941,564941,17250,5059925
132,Louisiana State,SEC,Bill Johnson,571500,6875,564625,564625,27500,7461950
133,Washington State,Pac-12,Jake Dickert,615000,51250,563750,563750,51250,3632915
134,Clemson,ACC,Brandon Streeter,590000,29500,560500,563000,59000,7641500
135,Florida State,ACC,John Papuchis,570000,8250,561750,561750,16500,5355750
136,Oregon,Pac-12,Keith Heyward,600000,38750,561250,561250,38750,4770626
137,Georgia,SEC,Cortez Hankton,550000,0,550000,554500,0,7244000
138,Texas,Big 12,Coleman Hutzler,600000,47396,552604,552604,81250,6329999
139,Florida,SEC,Brian Johnson,551500,0,551500,551500,0,6300000
140,Georgia,SEC,Scott Cochran,550000,0,550000,550000,0,7244000
141,Oklahoma State,Big 12,Joe Bob Clements,550000,0,550000,550000,0,4736875
142,Alabama,SEC,Charles Huff,550000,0,550000,550000,0,8850000
143,Alabama,SEC,Karl Scott,550000,0,550000,550000,0,8850000
144,Oklahoma State,Big 12,Charlie Dickey,550000,0,550000,550000,0,4736875
145,Washington State,Pac-12,Brian Smith,595000,49583,545417,545417,49583,3632915
146,Ohio State,Big Ten,Brian Hartline,550000,9167,540833,540833,20625,7859200
147,Florida State,ACC,Odell Haggins,550000,9625,540375,540375,16500,5355750
148,Oklahoma,Big 12,Shane Beamer,540000,0,540000,540000,0,6283333
149,Missouri,SEC,Curtis Luper,550000,13750,536250,536250,13750,4840875
150,Arizona,Pac-12,Noel Mazzone,600000,65000,535000,535000,65000,3067944
151,West Virginia,Big 12,Gerad Parker,551000,17500,533500,533500,26667,3746980
152,Texas A&M,SEC,Terry Price,533333,0,533333,533333,0,7503197
153,Colorado,Pac-12,Darrin Chiaverini,550000,17188,532812,533012,27500,3319193
154,Michigan State,Big Ten,Ron Burton,552500,20825,531675,531675,35700,5717438
155,Utah,Pac-12,Morgan Scalley,525000,0,525000,525000,0,4255000
156,Clemson,ACC,Mike Reed,545000,27250,517750,520250,54500,7641500
157,Florida State,ACC,Alex Atkins,520000,0,520000,520000,0,5355750
158,Florida State,ACC,Chris Marve,520000,0,520000,520000,0,5355750
159,Florida State,ACC,Chris Thomsen,520000,0,520000,520000,0,5355750
160,Clemson,ACC,Danny Pearman,545000,27250,517750,519750,54500,7641500
161,Washington,Pac-12,Ikaika Malloe,525012,9188,515824,515824,16813,5059925
162,Texas A&M,SEC,T.J. Rushing,513461,0,513461,514961,0,7503197
163,Oklahoma,Big 12,Dennis Simmons,510000,0,510000,510000,0,6283333
164,Ohio State,Big Ten,Al Washington,515000,8583,506417,507017,8583,7859200
165,Texas,Big 12,Mark Hagen,550000,43021,506979,506979,73750,6329999
166,South Carolina,SEC,Tracy Rocker,525000,20213,504787,504787,40425,5095792
167,North Carolina,ACC,Tommy Thigpen,550000,45833,504167,504167,82500,4868415
168,Iowa,Big Ten,Seth Wallace,560000,56000,504000,504000,56000,4753600
169,Kentucky,SEC,Steven Clinkscale,500000,0,500000,501900,0,5781100
170,Kentucky,SEC,Darin Hinshaw,500000,0,500000,500900,0,5781100
171,UCLA,Pac-12,Brian Norwood,500000,0,500000,500000,0,4280800
172,Auburn,SEC,Larry Porter,500000,0,500000,500000,0,6760000
173,Mississippi State,SEC,Tony Hughes,500000,0,500000,500000,0,4300000
174,Auburn,SEC,Jack Bicknell Jr.,500000,0,500000,500000,0,6760000
175,Pittsburgh,ACC,Randy Bates,--,--,--,497282,--,--
176,Florida,SEC,Greg Knox,496500,0,496500,496500,0,6300000
177,Florida,SEC,Tim Brewster,496500,0,496500,496500,0,6300000
178,Texas A&M,SEC,Tommie Robinson,493270,0,493270,495770,0,7503197
179,Mississippi State,SEC,Mason Miller,495000,0,495000,495000,0,4300000
180,Illinois,Big Ten,Keynodo Hudson,500000,5625,494375,494375,33750,4001675
181,Clemson,ACC,Todd Bates,515000,25750,489250,491750,51500,7641500
182,Kentucky,SEC,John Schlarman,490000,0,490000,490000,0,5781100
183,Clemson,ACC,Mickey Conn,515000,25750,489250,489250,51500,7641500
184,Mississippi,SEC,Randy Clements,500000,12500,487500,487500,12500,4753125
185,Missouri,SEC,Marcus Johnson,500000,12500,487500,487500,12500,4840875
186,Colorado,Pac-12,Tyson Summers,500000,15625,484375,484575,25000,3319193
187,Nebraska,Big Ten,Matt Lubick,500000,16667,483333,483333,16667,4205000
188,Nebraska,Big Ten,Greg Austin,500000,16667,483333,483333,16667,4205000
189,Texas Tech,Big 12,Derek Jones,500000,17292,482708,482708,41500,3564139
190,Michigan State,Big Ten,Ted Gilmore,500000,20417,479583,479583,35000,5717438
191,Clemson,ACC,Lemanski Hall,500000,25000,475000,477500,50000,7641500
192,Florida,SEC,David Turner,476500,0,476500,476500,0,6300000
193,Alabama,SEC,Holmon Wiggins,475000,0,475000,475000,0,8850000
194,NC State,ACC,George McDonald,492250,18459,473791,473791,26664,3957436
195,Oklahoma,Big 12,Roy Manning,470000,0,470000,470000,0,6283333
196,North Carolina,ACC,Stacy Searels,506000,42167,463833,463833,75900,4868415
197,Michigan State,Big Ten,Harlon Barnett,480000,16800,463200,463200,28800,5717438
198,Mississippi,SEC,Joe Jon Finley,475000,11875,463125,463125,11875,4753125
199,Florida,SEC,Torrian Gray,461500,0,461500,461500,0,6300000
200,Purdue,Big Ten,Anthony Poindexter,460000,0,460000,460000,0,3472150
201,Michigan State,Big Ten,Ross Els,475000,16625,458375,458375,28500,5717438
202,North Carolina,ACC,Jovan Dewitt,500000,41667,458333,458333,75000,4868415
203,Florida,SEC,Ron English,451500,0,451500,451500,0,6300000
204,Michigan,Big Ten,Bob Shoop,450000,0,450000,450000,0,6270000
205,Auburn,SEC,Travis Williams,450000,0,450000,450000,0,6760000
206,Michigan,Big Ten,Michael Zordich,450000,0,450000,450000,0,6270000
207,Tennessee,SEC,Chris Weinke,450000,0,450000,450000,0,6312292
208,UCLA,Pac-12,Dana Bible,450000,0,450000,450000,0,4280800
209,Louisville,ACC,Cort Dennison,450000,0,450000,450000,0,4555000
210,Florida State,ACC,Ron Dugans,450000,0,450000,450000,0,5355750
211,Utah,Pac-12,Sharrieff Shah,450000,0,450000,450000,0,4255000
212,Georgia Tech,ACC,Andrew Thacker,450000,0,450000,450000,0,3236000
213,Arizona State,Pac-12,Shawn Slocum,450000,0,450000,450000,0,3700000
214,Louisiana State,SEC,Bill Busch,450000,5625,444375,446625,22500,7461950
215,Rutgers,Big Ten,Jim Panagos,450000,5172,444828,444828,5172,4142701
216,Washington State,Pac-12,Craig Stutzmann,485000,40417,444583,444583,40417,3632915
217,Ohio State,Big Ten,Matt Barnes,450000,7500,442500,442500,16875,7859200
218,Indiana,Big Ten,Kane Wommack,460000,17692,442308,442308,17692,3480810
219,Tennessee,SEC,Tee Martin,450000,8750,441250,441250,8750,6312292
220,Mississippi,SEC,Derrick Nix,450000,11250,438750,438750,11250,4753125
221,Missouri,SEC,David Gibbs,450000,11250,438750,438750,11250,4840875
222,Oklahoma,Big 12,Calvin Thibodeaux,435000,0,435000,435000,0,6283333
223,Nebraska,Big Ten,Travis Fisher,450000,15000,435000,435000,15000,4205000
224,Oklahoma,Big 12,Jamar Cain,435000,0,435000,435000,0,6283333
225,Oklahoma,Big 12,Brian Odom,435000,0,435000,435000,0,6283333
226,Indiana,Big Ten,Nick Sheridan,450000,17308,432692,432692,17308,3480810
227,Oregon State,Pac-12,Jim Michalczik,450000,18450,431550,431550,28188,3368446
228,Louisville,ACC,Frank Ponce,430000,0,430000,430000,0,4555000
229,Arkansas,SEC,Scott Fountain,450000,22500,427500,427500,41250,5036250
230,Arkansas,SEC,Derrick LeBlanc,450000,22500,427500,427500,41250,5036250
231,Louisville,ACC,Gunter Brewer,425000,0,425000,425000,0,4555000
232,Mississippi State,SEC,Jeff Phelps,425000,0,425000,425000,0,4300000
233,Auburn,SEC,Kodi Burns,425000,0,425000,425000,0,6760000
234,Texas A&M,SEC,James Coley,425000,0,425000,425000,0,7503197
235,Purdue,Big Ten,Brian Brohm,445000,22250,422750,422750,66750,3472150
236,Louisiana State,SEC,Greg McMahon,425000,5312,419688,421938,21250,7461950
237,Florida State,ACC,Marcus Woodson,420000,0,420000,420000,0,5355750
238,Florida State,ACC,David Johnson,420000,0,420000,420000,0,5355750
239,Purdue,Big Ten,JaMarcus Shephard,435000,18850,416150,416150,56550,3472150
240,Michigan,Big Ten,Jay Harbaugh,415000,0,415000,415000,0,6270000
241,Michigan,Big Ten,Sherrone Moore,415000,0,415000,415000,0,6270000
242,Michigan,Big Ten,Brian Jean-Mary,415000,0,415000,415000,0,6270000
243,Missouri,SEC,Erik Link,425000,10625,414375,414375,10625,4840875
244,Indiana,Big Ten,Darren Hiller,430040,16540,413500,413500,16540,3480810
245,West Virginia,Big 12,Matt Moore,426000,14167,411833,411833,21250,3746980
246,Missouri,SEC,Charlie Harbison,415000,10375,404625,404625,10375,4840875
247,North Carolina,ACC,Lonnie Galloway,440000,36667,403333,403333,66000,4868415
248,North Carolina,ACC,Robert Gillespie,440000,36667,403333,403333,66000,4868415
249,North Carolina,ACC,John Lilly,440000,36667,403333,403333,66000,4868415
250,Maryland,Big Ten,Joker Phillips,402750,0,402750,402750,0,3569567
251,Utah,Pac-12,Guy Holliday,400000,0,400000,400000,0,4255000
252,Michigan,Big Ten,Ben McDaniels,400000,0,400000,400000,0,6270000
253,Georgia,SEC,Todd Hartley,400000,0,400000,400000,0,7244000
254,UCLA,Pac-12,Don Pellum,400000,0,400000,400000,0,4280800
255,Texas,Big 12,Oscar Giles,400000,0,400000,400000,0,6329999
256,Michigan,Big Ten,Shaun Nua,400000,0,400000,400000,0,6270000
257,Georgia Tech,ACC,Dave Patenaude,400000,0,400000,400000,0,3236000
258,Oklahoma State,Big 12,Dan Hammerschmidt,400000,0,400000,400000,0,4736875
259,Louisiana State,SEC,Mickey Joseph,400000,5000,395000,397250,20000,7461950
260,Iowa,Big Ten,LeVar Woods,440000,44000,396000,396000,44000,4753600
261,Iowa,Big Ten,Tim Polasek,440000,44000,396000,396000,44000,4753600
262,Kansas State,Big 12,Conor Riley,425000,30104,394896,394896,42500,3402607
263,California,Pac-12,Tim DeRuyter,400000,6666,393334,393334,6666,3623218
264,Washington,Pac-12,Keith Bhonapha,400008,7000,393008,393008,12000,5059925
265,Texas A&M,SEC,Tyler Santucci,390866,0,390866,390866,0,7503197
266,Missouri,SEC,Bush Hamdan,400000,10000,390000,390000,10000,4840875
267,Louisville,ACC,Stu Holt,390000,0,390000,390000,0,4555000
268,Mississippi State,SEC,Matt Brock,390000,0,390000,390000,0,4300000
269,Mississippi,SEC,Terrell Buckley,400000,10000,390000,390000,10000,4753125
270,Mississippi State,SEC,Steve Spurrier Jr.,390000,0,390000,390000,0,4300000
271,Mississippi,SEC,Deke Adams,400000,10000,390000,390000,10000,4753125
272,Purdue,Big Ten,Greg Brown,410000,20500,389500,389500,61500,3472150
273,Texas Tech,Big 12,Mark Tommerdahl,400000,13167,386833,388333,31600,3564139
274,West Virginia,Big 12,Chad Scott,401000,13333,387667,387667,20000,3746980
275,Colorado,Pac-12,Chris Wilson,400000,12500,387500,387500,20000,3319193
276,Nebraska,Big Ten,Ryan Held,400000,13333,386667,386667,13333,4205000
277,Nebraska,Big Ten,Sean Beckton,400000,13333,386667,386667,13333,4205000
278,Indiana,Big Ten,Grant Heard,400000,15385,384615,384615,15385,3480810
279,Iowa,Big Ten,Kelvin Bell,425000,42500,382500,382500,42500,4753600
280,Wisconsin,Big Ten,Chris Haering,450000,67500,382500,382500,78750,4192111
281,Arkansas,SEC,Justin Stepp,400000,20000,380000,380000,40000,5036250
282,Maryland,Big Ten,John Reagan,377750,0,377750,377750,0,3569567
283,Michigan State,Big Ten,Courtney Hawkins,387000,11288,375712,375712,19350,5717438
284,Mississippi State,SEC,Jason Washington,375000,0,375000,375000,0,4300000
285,Arizona State,Pac-12,Dave Christensen,375000,0,375000,375000,0,3700000
286,Louisville,ACC,Mark Ivey,375000,0,375000,375000,0,4555000
287,Auburn,SEC,Al Pogue,375000,0,375000,375000,0,6760000
288,Mississippi State,SEC,Eric Mele,375000,0,375000,375000,0,4300000
289,Mississippi State,SEC,David Nichol,375000,0,375000,375000,0,4300000
290,Mississippi State,SEC,Darcel McBath,375000,0,375000,375000,0,4300000
291,Illinois,Big Ten,Bob Ligashesky,380000,5700,374300,374300,34200,4001675
292,Illinois,Big Ten,Bob McClain,380000,5700,374300,374300,34200,4001675
293,South Carolina,SEC,Bobby Bentley,400000,28233,371767,371767,28233,5095792
294,NC State,ACC,John Garrison,400000,28333,371667,371667,55000,3957436
295,NC State,ACC,Charley Wiles,400000,28333,371667,371667,55000,3957436
296,Illinois,Big Ten,Andrew Hayes-Stoker,375000,5625,369375,369375,33750,4001675
297,Washington,Pac-12,Junior Adams,375000,6563,368437,368437,11563,5059925
298,Oklahoma State,Big 12,Jason McEndoo,365000,0,365000,365000,0,4736875
299,Virginia,ACC,Jason Beck,390000,25188,364812,364812,25188,3572868
300,Virginia,ACC,Kelly Poppinga,390000,25188,364812,364812,25188,3572868
301,Colorado,Pac-12,Mitch Rodrigue,375000,11719,363281,363281,18750,3319193
302,Nebraska,Big Ten,Tony Tuioti,375000,12500,362500,362500,12500,4205000
303,Nebraska,Big Ten,Mario Verduzco,375000,12500,362500,362500,12500,4205000
304,Wisconsin,Big Ten,Inoke Breckterfield,425000,63750,361250,361250,74375,4192111
305,Wisconsin,Big Ten,John Settle,425000,63750,361250,361250,74375,4192111
306,Wisconsin,Big Ten,Robert Bostad,425000,63750,361250,361250,74375,4192111
307,Wisconsin,Big Ten,Bobby April,425000,63750,361250,361250,74375,4192111
308,Indiana,Big Ten,Mike Hart,375001,14423,360578,360578,14423,3480810
309,Indiana,Big Ten,Jason Jones,375000,14423,360577,360577,14423,3480810
310,Iowa State,Big 12,Tyson Veidt,400000,40000,360000,360100,40000,4127500
311,Iowa State,Big 12,D.K. McDonald,400000,40000,360000,360000,40000,4127500
312,Iowa State,Big 12,Joel Gordon,400000,40000,360000,360000,40000,4127500
313,West Virginia,Big 12,Jahmile Addae,371000,11500,359500,359500,17250,3746980
314,Minnesota,Big Ten,Brian Callahan,380000,23385,356615,356615,38000,3619926
315,Minnesota,Big Ten,Matt Simon (Minn.),380000,23385,356615,356615,23385,3619926
316,Minnesota,Big Ten,Joe Harasymiak,380000,23385,356615,356615,23385,3619926
317,Louisiana State,SEC,Kevin Faulk,350000,4375,345625,356325,17500,7461950
318,Virginia,ACC,Garett Tujague,365000,9688,355312,355312,9688,3572868
319,Iowa State,Big 12,Eli Rasheed,390000,39000,351000,351000,39000,4127500
320,Oregon,Pac-12,Jim Mastro,375000,24219,350781,350781,24219,4770626
321,UCLA,Pac-12,Derek Sage,350000,0,350000,350000,0,4280800
322,Tennessee,SEC,Brian Niedermeyer,350000,0,350000,350000,0,6312292
323,Rutgers,Big Ten,Bob Fraser,350000,0,350000,350000,0,4142701
324,Kansas,Big 12,Kwahn Drake,350000,0,350000,350000,40000,2669930
325,Oklahoma,Big 12,DeMarco Murray,350000,0,350000,350000,0,6283333
326,Oklahoma State,Big 12,John Wozniak,350000,0,350000,350000,0,4736875
327,Utah,Pac-12,Fred Whittingham,350000,0,350000,350000,0,4255000
328,Utah,Pac-12,Lewis Powell,350000,0,350000,350000,0,4255000
329,Louisville,ACC,ShaDon Brown,350000,0,350000,350000,0,4555000
330,Kansas State,Big 12,Joe Klanderman,375000,26563,348437,348437,37500,3402607
331,Oklahoma State,Big 12,Tim Duffie,375000,28125,346875,346875,59375,4736875
332,Missouri,SEC,D.J. Smith,350000,8750,341250,341250,8750,4840875
333,Missouri,SEC,Casey Woods,350000,8750,341250,341250,8750,4840875
334,UCLA,Pac-12,Jimmie Dougherty,340400,0,340400,340400,0,4280800
335,Kentucky,SEC,Frank Buffano,340000,0,340000,340000,0,5781100
336,Colorado,Pac-12,Danny Langsdorf,350000,10938,339062,339062,17500,3319193
337,NC State,ACC,Kurt Roper,350000,13125,336875,336875,48125,3957436
338,Oregon,Pac-12,Bryan McClendon,360000,23250,336750,336750,39917,4770626
339,Louisville,ACC,Norval McKenzie,335000,0,335000,335000,0,4555000
340,Arizona,Pac-12,Andy Buh,375000,40625,334375,334375,40625,3067944
341,North Carolina,ACC,Tim Cross,360000,30000,330000,330000,54000,4868415
342,West Virginia,Big 12,Jordan Lesley,341000,11333,329667,329667,17000,3746980
343,Oregon,Pac-12,Rod Chance,350000,22604,327396,327396,37188,4770626
344,Oregon,Pac-12,Ken Wilson,350000,22604,327396,327396,37188,4770626
345,Oregon,Pac-12,Bobby Williams,350000,22604,327396,327396,22604,4770626
346,Oregon,Pac-12,Alex Mirabal,350000,22604,327396,327396,22604,4770626
347,California,Pac-12,Marques Tuiasosopo,325000,0,325000,326500,0,3623218
348,NC State,ACC,Joe DeForest,350000,24792,325208,325208,48125,3957436
349,Georgia Tech,ACC,Nathan Burton,325000,0,325000,325000,0,3236000
350,Auburn,SEC,Carnell Williams,325000,0,325000,325000,0,6760000
351,Arizona State,Pac-12,Robert Rodriguez,325000,0,325000,325000,0,3700000
352,Washington State,Pac-12,Mark Weber,350000,29167,320833,320833,29167,3632915
353,Kentucky,SEC,Jovon Bouknight,320000,0,320000,320000,0,5781100
354,Maryland,Big Ten,George Helow,325000,5833,319167,319167,10000,3569567
355,Indiana,Big Ten,Kevin Peoples,330000,12692,317308,317308,12692,3480810
356,Mississippi,SEC,Kevin Smith,325000,8125,316875,316875,8125,4753125
357,California,Pac-12,Marcel Yates,320000,3200,316800,316800,3200,3623218
358,Iowa,Big Ten,Jay Niemann,350000,34000,316000,316000,34000,4753600
359,Kansas State,Big 12,Steve Stanard,340000,24083,315917,315917,34000,3402607
360,Iowa State,Big 12,Nathan Scheelhaase,350000,35000,315000,315000,35000,4127500
361,Oklahoma State,Big 12,Tim Rattay,315000,0,315000,315000,0,4736875
362,Colorado,Pac-12,Brett Maxie,325000,10156,314844,314844,16250,3319193
363,Nebraska,Big Ten,Mike Dawson,325000,10833,314167,314167,10833,4205000
364,NC State,ACC,Todd Goebbel,325000,12188,312812,312812,44688,3957436
365,Illinois,Big Ten,Mike Bellamy,315000,4725,310275,310275,28350,4001675
366,Illinois,Big Ten,Miles Smith,315000,4725,310275,310275,28350,4001675
367,Illinois,Big Ten,Cory Patterson,315000,4725,310275,310275,28350,4001675
368,Washington State,Pac-12,Mark Banker,310000,0,310000,310000,0,3632915
369,Texas,Big 12,Andre Coleman,350000,43750,306250,306250,43750,6329999
370,Iowa,Big Ten,Kelton Copeland,340000,34000,306000,306000,34000,4753600
371,Kansas State,Big 12,Van Malone,325000,23021,301979,301979,32500,3402607
372,Kansas State,Big 12,Jason Ray,325000,23021,301979,301979,32500,3402607
373,Kansas State,Big 12,Collin Klein,325000,23021,301979,301979,32500,3402607
374,Kansas State,Big 12,Brian Anderson,325000,23021,301979,301979,32500,3402607
375,Florida,SEC,Christian Robinson,301500,0,301500,301500,0,6300000
376,Minnesota,Big Ten,Chad Wilt,320000,19962,300038,300038,19962,3619926
377,Minnesota,Big Ten,Rob Wenger,320000,19962,300038,300038,19962,3619926
378,Minnesota,Big Ten,Kenni Burns,320000,19962,300038,300038,19962,3619926
379,California,Pac-12,Angus McClure,300000,0,300000,300000,0,3623218
380,UCLA,Pac-12,Johnny Nansen,300000,0,300000,300000,0,4280800
381,Kentucky,SEC,Anwar Stewart,300000,0,300000,300000,0,5781100
382,Auburn,SEC,Wesley McGriff,300000,0,300000,300000,0,6760000
383,Virginia,ACC,Ricky Brumfield,300000,0,300000,300000,0,3572868
384,Louisville,ACC,Derek Nicholson,300000,0,300000,300000,0,4555000
385,Kansas,Big 12,Emmett Jones,300000,0,300000,300000,0,2669930
386,Georgia Tech,ACC,Chris Wiesehan,300000,0,300000,300000,0,3236000
387,Washington State,Pac-12,Michael Ghobrial,325000,27083,297917,297917,27083,3632915
388,Washington State,Pac-12,John Richardson,325000,27083,297917,297917,27083,3632915
389,California,Pac-12,Charlie Ragle,300000,5000,295000,297250,5000,3623218
390,Rutgers,Big Ten,Andy Aurich,300000,3448,296552,296552,3448,4142701
391,Washington,Pac-12,Will Harris,300000,5250,294750,294750,9000,5059925
392,Ohio State,Big Ten,Corey Dennis,300000,6250,293750,293750,11250,7859200
393,Mississippi,SEC,Blake Gideon,300000,7500,292500,292500,7500,4753125
394,Texas Tech,Big 12,Kevin Cosgrove,300000,9000,291000,291000,9000,3564139
395,Texas Tech,Big 12,Paul Randolph,300000,9000,291000,291000,9000,3564139
396,Colorado,Pac-12,Demetrice Martin,300000,9375,290625,290625,15000,3319193
397,UCLA,Pac-12,DeShaun Foster,290400,0,290400,290400,0,4280800
398,Arizona,Pac-12,Kyle DeVan,325000,35208,289792,289792,35208,3067944
399,Indiana,Big Ten,Brandon Shelby,300000,11538,288462,288462,11538,3480810
400,Oregon State,Pac-12,Legi Suiaunoa,300000,11740,288260,288260,18099,3368446
401,Oregon State,Pac-12,Trent Bray,300000,11740,288260,288260,18099,3368446
402,Clemson,ACC,Tyler Grisham,300000,12000,288000,288000,24000,7641500
403,Arkansas,SEC,Jon Cooper,300000,15000,285000,285000,27500,5036250
404,Washington State,Pac-12,Andre Allen,310000,25834,284166,284166,25834,3632915
405,Washington State,Pac-12,AJ Cooper,310000,25834,284166,284166,25834,3632915
406,Washington State,Pac-12,Ricky Logo,310000,25834,284166,284166,25834,3632915
407,Iowa State,Big 12,Matt Caponi,315000,31500,283500,283500,31500,4127500
408,West Virginia,Big 12,Travis Trickett,291000,9667,281333,281333,14833,3746980
409,Arizona,Pac-12,Greg Burns,315000,34125,280875,280875,34125,3067944
410,Texas,Big 12,Jay Valai,300000,21146,278854,278854,36250,6329999
411,South Carolina,SEC,Mike Peterson,300000,21175,278825,278825,21175,5095792
412,South Carolina,SEC,Des Kitchings,300000,21175,278825,278825,21175,5095792
413,NC State,ACC,Brian Mitchell,300000,21250,278750,278750,41250,3957436
414,Kansas State,Big 12,Buddy Wyatt,300000,21250,278750,278750,30000,3402607
415,Kansas State,Big 12,Mike Tuiasosopo,297000,21038,275962,275962,29700,3402607
416,Purdue,Big Ten,Terrance Jamison,275000,0,275000,275000,0,3472150
417,Illinois,Big Ten,Jimmy Lindsey,275000,2750,272250,272250,16500,4001675
418,Rutgers,Big Ten,Augie Hoffmann,275000,3161,271839,271839,3161,4142701
419,Virginia,ACC,Marques Hagans,285000,18406,266594,266594,18406,3572868
420,Purdue,Big Ten,Chris Barclay,275000,13750,261250,261250,41250,3472150
421,Purdue,Big Ten,Marty Biagi,275000,13750,261250,261250,43750,3472150
422,Iowa,Big Ten,Derrick Foster,290000,29000,261000,261000,29000,4753600
423,Oklahoma State,Big 12,Greg Richmond,260000,0,260000,260000,0,4736875
424,South Carolina,SEC,Rod Wilson,275000,19410,255590,255590,19410,5095792
425,Virginia,ACC,Mark Atuaia,265000,9688,255312,255312,9688,3572868
426,Texas Tech,Big 12,Steve Farmer,260000,7292,252708,255308,7292,3564139
427,Maryland,Big Ten,Brian Williams,252500,0,252500,252500,0,3569567
428,North Carolina,ACC,Dre Bly,275000,22917,252083,252083,41250,4868415
429,UCLA,Pac-12,Jason Kaufusi,250000,0,250000,250000,0,4280800
430,Rutgers,Big Ten,Tiquan Underwood,250000,0,250000,250000,0,4142701
431,Kansas,Big 12,Brent Dearmon,250000,0,250000,250000,0,2669930
432,Utah,Pac-12,Colton Swan,250000,0,250000,250000,0,4255000
433,Utah,Pac-12,Sione Po'uha,250000,0,250000,250000,0,4255000
434,Minnesota,Big Ten,Paul Haynes,265000,15109,249891,249891,15109,3619926
435,Oregon State,Pac-12,Michael Pitre,250008,2500,247508,247508,3750,3368446
436,Illinois,Big Ten,Al Davis,250000,2500,247500,247500,15000,4001675
437,Rutgers,Big Ten,Adam Scheier,250000,2874,247126,247126,2874,4142701
438,Oregon State,Pac-12,Blue Adams,250008,8700,241308,241308,13485,3368446
439,Oregon State,Pac-12,Kefense Hynson,250008,8700,241308,241308,13920,3368446
440,Indiana,Big Ten,Kasey Teegardin,250000,9615,240385,240385,9615,3480810
441,Indiana,Big Ten,Kevin Wright,250000,9615,240385,240385,9615,3480810
442,Iowa State,Big 12,Jeff Myers,265500,26550,238950,238950,26550,4127500
443,Iowa State,Big 12,Mick McCall,265500,26550,238950,238950,26550,4127500
444,Purdue,Big Ten,Dale Williams,250000,12500,237500,237500,37500,3472150
445,Georgia Tech,ACC,Tashard Choice,236000,0,236000,236000,0,3236000
446,Georgia Tech,ACC,Kerry Dixon,235000,0,235000,235000,0,3236000
447,Texas Tech,Big 12,Joel Filani,240000,6542,233458,233458,6542,3564139
448,Texas Tech,Big 12,Luke Wells,240000,6542,233458,233458,6542,3564139
449,Texas Tech,Big 12,DeAndre Smith,240000,6542,233458,233458,6542,3564139
450,Virginia,ACC,Shane Hunter,240000,7750,232250,232250,7750,3572868
451,Georgia Tech,ACC,Jeff Popovich,230000,0,230000,230000,0,3236000
452,Georgia Tech,ACC,Larry Knight,230000,0,230000,230000,0,3236000
453,Georgia Tech,ACC,Marco Coleman,230000,0,230000,230000,0,3236000
454,Rutgers,Big Ten,Nunzio Campanile,230000,2644,227356,227356,2644,4142701
455,Minnesota,Big Ten,Clay Patterson,240000,13000,227000,227000,13000,3619926
456,Kansas,Big 12,Jonathan Wallace,225000,0,225000,225000,0,2669930
457,California,Pac-12,Burl Toler,225000,0,225000,225000,0,3623218
458,Tennessee,SEC,Shelton Felton,225000,0,225000,225000,0,6312292
459,Maryland,Big Ten,Brawley Evans,225000,0,225000,225000,0,3569567
460,Utah,Pac-12,Kiel McDonald,225000,0,225000,225000,0,4255000
461,Tennessee,SEC,Joe Osovet,225000,0,225000,225000,0,6312292
462,Washington,Pac-12,Derham Cato,225000,3938,221062,221062,6750,5059925
463,West Virginia,Big 12,Sean Reagan,226000,7500,218500,218500,11250,3746980
464,Colorado,Pac-12,Darian Hagan,225000,7031,217969,218169,7031,3319193
465,Oregon State,Pac-12,Jake Cookus,225000,6945,218055,218055,10803,3368446
466,Virginia,ACC,Clint Sintim,225000,7266,217734,217734,7266,3572868
467,Nebraska,Big Ten,Barrett Ruud,225000,7500,217500,217500,7500,4205000
468,California,Pac-12,Andrew Browning,215000,0,215000,216000,0,3623218
469,West Virginia,Big 12,Jeff Koonz,221000,7187,213813,213813,12604,3746980
470,Arkansas,SEC,Rion Rhoades,225000,11250,213750,213750,20625,5036250
471,Arkansas,SEC,Jimmy Smith,225000,11250,213750,213750,20625,5036250
472,Arkansas,SEC,Sam Carter,225000,11250,213750,213750,20625,5036250
473,Wisconsin,Big Ten,Mickey Turner,250000,37500,212500,212500,43750,4192111
474,Arizona,Pac-12,Theron Aych,235000,25458,209542,209542,25458,3067944
475,Arizona,Pac-12,A.J. Steward,225000,24375,200625,200625,24375,3067944
476,Arizona,Pac-12,Stan Eggen,225000,24375,200625,200625,24375,3067944
477,Kansas,Big 12,Luke Meadows,200000,0,200000,200000,0,2669930
478,Arizona State,Pac-12,Shaun Aguano,200000,0,200000,200000,0,3700000
479,Kansas,Big 12,Jordan Peterson,200000,0,200000,200000,0,2669930
480,Maryland,Big Ten,Elijah Brooks,200000,0,200000,200000,0,3569567
481,Washington,Pac-12,Terrence Brown,200004,3500,196504,196504,6188,5059925
482,Michigan State,Big Ten,William Peagler,200000,4667,195333,195333,8000,5717438
483,Colorado,Pac-12,Brian Michalowski,200000,6250,193750,194375,6250,3319193
484,Colorado,Pac-12,Taylor Embree,200000,6250,193750,193750,10000,3319193
485,Wisconsin,Big Ten,Jon Budmayr,225000,33750,191250,191250,39375,4192111
486,South Carolina,SEC,Kyle Krantz,200000,14117,185883,185883,14117,5095792
487,NC State,ACC,Freddie Aughtry-Lindsay,200000,14167,185833,185833,14167,3957436
488,West Virginia,Big 12,Dontae Wright,191000,5833,185167,185167,8750,3746980
489,Wisconsin,Big Ten,Alvis Whitted,200000,17690,182310,182310,19305,4192111
490,Arizona,Pac-12,Taylor Mazzone,200000,18752,181248,181248,18752,3067944
491,Kansas,Big 12,Joshua Eargle,185000,6938,178062,178062,6938,2669930
492,Maryland,Big Ten,Mike Miller,176750,0,176750,176750,0,3569567
493,Arizona State,Pac-12,Derek Hagan,175000,0,175000,175000,0,3700000
494,Arizona State,Pac-12,Prentice Gill,175000,0,175000,175000,0,3700000
495,South Carolina,SEC,Joe Cox,180000,5985,174015,174015,5985,5095792
496,Oregon State,Pac-12,Brian Wozniak,175008,5005,170003,170003,7865,3368446
497,California,Pac-12,Aristotle Thompson,170000,0,170000,170000,0,3623218
498,Arizona,Pac-12,Jeremy Springer,185000,17055,167945,167945,17055,3067944
499,Kansas,Big 12,Chevis Jackson,165000,6188,158812,158812,16188,2669930
500,Purdue,Big Ten,Ryan Wallace,155000,0,155000,155000,0,3472150
501,West Virginia,Big 12,Jeff Casteel,150000,0,150000,150000,0,3746980
502,Maryland,Big Ten,Henry Baker,150000,0,150000,150000,0,3569567
503,Kansas,Big 12,Chidera Uzo-Diribe,120000,3000,117000,117000,3000,2669930
504,Arizona State,Pac-12,Chris Hawkins,100000,0,100000,100000,0,3700000
505,Virginia Tech,ACC,Bill Teerlinck,400000,--,--,--,--,--
506,Baylor,Big 12,Justin Johnson,--,--,--,--,--,--
507,Penn State,Big Ten,John Scott,--,--,--,--,--,--
508,Vanderbilt,SEC,Ted Roof,--,--,--,--,--,--
509,Virginia Tech,ACC,Vance Vice,300000,--,--,--,--,--
510,Southern California,Pac-12,John David Baker,--,--,--,--,--,--
511,Baylor,Big 12,Ron Roberts,--,--,--,--,--,--
512,Notre Dame,ACC,Lance Taylor,--,--,--,--,--,--
513,Miami,ACC,Garin Justice,--,--,--,--,--,--
514,Southern California,Pac-12,Todd Orlando,--,--,--,--,--,--
515,Pittsburgh,ACC,Tim Salem,--,--,--,--,--,--
516,Virginia Tech,ACC,Darryl Tapp,175000,--,--,--,--,--
517,Stanford,Pac-12,Kevin Carberry,--,--,--,--,--,--
518,Texas Christian,Big 12,Malcolm Kelly,--,--,--,--,--,--
519,Baylor,Big 12,Larry Fedora,--,--,--,--,--,--
520,Penn State,Big Ten,Joe Lorig,--,--,--,--,--,--
521,Duke,ACC,Chris Hampton,--,--,--,--,--,--
522,Syracuse,ACC,Chris Achuff,--,--,--,--,--,--
523,Vanderbilt,SEC,Devin Fitzsimmons,--,--,--,--,--,--
524,Vanderbilt,SEC,Pete Rossomando,--,--,--,--,--,--
525,Syracuse,ACC,Tony White,--,--,--,--,--,--
526,Virginia Tech,ACC,Brad Cornelsen,490000,--,--,--,--,--
527,Miami,ACC,Stephen Field,--,--,--,--,--,--
528,Baylor,Big 12,Joe Wickline,--,--,--,--,--,--
529,Boston College,ACC,Vince Oghobaase,--,--,--,--,--,--
530,Miami,ACC,Blake Baker,--,--,--,--,--,--
531,Southern California,Pac-12,Tim Drevno,--,--,--,--,--,--
532,Vanderbilt,SEC,Kenechi Udeze,--,--,--,--,--,--
533,Northwestern,Big Ten,Kurt Anderson,--,--,--,--,--,--
534,Vanderbilt,SEC,Tim Horton,--,--,--,--,--,--
535,Notre Dame,ACC,Tom Rees,--,--,--,--,--,--
536,Duke,ACC,Kirk Benedict,--,--,--,--,--,--
537,Duke,ACC,Zac Roper,--,--,--,--,--,--
538,Duke,ACC,Jeffrey Faris,--,--,--,--,--,--
539,Texas Christian,Big 12,Bryan Applewhite,--,--,--,--,--,--
540,Boston College,ACC,Matt Thurin,--,--,--,--,--,--
541,Texas Christian,Big 12,Doug Meacham,--,--,--,--,--,--
542,Boston College,ACC,Tem Lukabu,--,--,--,--,--,--
543,Southern California,Pac-12,Craig Naivar,--,--,--,--,--,--
544,Stanford,Pac-12,Pete Alamar,--,--,--,--,--,--
545,Texas Christian,Big 12,Dan Sharp,--,--,--,--,--,--
546,Pittsburgh,ACC,Mark Whipple,--,--,--,--,--,--
547,Baylor,Big 12,Matt Powledge,--,--,--,--,--,--
548,Notre Dame,ACC,Mike Mickens,--,--,--,--,--,--
549,Wake Forest,ACC,Nicholas Tabacca,--,--,--,--,--,--
550,Northwestern,Big Ten,Jeff Genyk,--,--,--,--,--,--
551,Pittsburgh,ACC,Cory Sanders,--,--,--,--,--,--
552,Boston College,ACC,Frank Cignetti Jr.,--,--,--,--,--,--
553,Southern California,Pac-12,Vic So'oto,--,--,--,--,--,--
554,Wake Forest,ACC,Paul Williams,--,--,--,--,--,--
555,Virginia Tech,ACC,Ryan Smith,175000,--,--,--,--,--
556,Pittsburgh,ACC,Dave Borbely,--,--,--,--,--,--
557,Baylor,Big 12,Jorge Munoz,--,--,--,--,--,--
558,Syracuse,ACC,Mike Lynch,--,--,--,--,--,--
559,Northwestern,Big Ten,Mike Bajakian,--,--,--,--,--,--
560,Northwestern,Big Ten,Bob Heffner,--,--,--,--,--,--
561,Boston College,ACC,Rich Gunnell,--,--,--,--,--,--
562,Northwestern,Big Ten,Matt MacPherson,--,--,--,--,--,--
563,Stanford,Pac-12,Ron Gould,--,--,--,--,--,--
564,Penn State,Big Ten,Tim Banks,--,--,--,--,--,--
565,Vanderbilt,SEC,Aaron Henry,--,--,--,--,--,--
566,Vanderbilt,SEC,Jovan Haye,--,--,--,--,--,--
567,Wake Forest,ACC,Wayne Lineburg,--,--,--,--,--,--
568,Penn State,Big Ten,Taylor Stubblefield,--,--,--,--,--,--
569,Syracuse,ACC,Chip West,--,--,--,--,--,--
570,Syracuse,ACC,Justin Lustig,--,--,--,--,--,--
571,Penn State,Big Ten,Tyler Bowen,--,--,--,--,--,--
572,Southern California,Pac-12,Graham Harrell,--,--,--,--,--,--
573,Syracuse,ACC,Vinson Reynolds,--,--,--,--,--,--
574,Miami,ACC,Ephraim Banda,--,--,--,--,--,--
575,Baylor,Big 12,Joey McGuire,--,--,--,--,--,--
576,Syracuse,ACC,Mike Cavanaugh,--,--,--,--,--,--
577,Penn State,Big Ten,Phil Trautwein,--,--,--,--,--,--
578,Notre Dame,ACC,Mike Elston,--,--,--,--,--,--
579,Baylor,Big 12,Shawn Bell,--,--,--,--,--,--
580,Southern California,Pac-12,Sean Snyder,--,--,--,--,--,--
581,Northwestern,Big Ten,Dennis Springer,--,--,--,--,--,--
582,Stanford,Pac-12,Bobby Kennedy,--,--,--,--,--,--
583,Syracuse,ACC,Sterlin Gilbert,--,--,--,--,--,--
584,Texas Christian,Big 12,Chad Glasgow,--,--,--,--,--,--
585,Northwestern,Big Ten,Tim McGarigle,--,--,--,--,--,--
586,Wake Forest,ACC,John Hunter,--,--,--,--,--,--
587,Wake Forest,ACC,Kevin Higgins,--,--,--,--,--,--
588,Wake Forest,ACC,Lyle Hemphill,--,--,--,--,--,--
589,Stanford,Pac-12,Diron Reynolds,--,--,--,--,--,--
590,Pittsburgh,ACC,Andre Powell,--,--,--,--,--,--
591,Baylor,Big 12,Dennis Johnson,--,--,--,--,--,--
592,Wake Forest,ACC,Greg Jones,--,--,--,--,--,--
593,Notre Dame,ACC,Clark Lea,--,--,--,--,--,--
594,Texas Christian,Big 12,Paul Gonzales,--,--,--,--,--,--
595,Texas Christian,Big 12,Jeremy Modkins,--,--,--,--,--,--
596,Stanford,Pac-12,Morgan Turner,--,--,--,--,--,--
597,Baylor,Big 12,Brian Stewart,--,--,--,--,--,--
598,Miami,ACC,Rob Likens,--,--,--,--,--,--
599,Duke,ACC,Trooper Taylor,--,--,--,--,--,--
600,Pittsburgh,ACC,Charlie Partridge,--,--,--,--,--,--
601,Syracuse,ACC,Reno Ferri,--,--,--,--,--,--
602,Miami,ACC,Todd Stroud,--,--,--,--,--,--
603,Duke,ACC,Ben Albert,--,--,--,--,--,--
604,Notre Dame,ACC,Terry Joseph,--,--,--,--,--,--
605,Stanford,Pac-12,Lance Anderson,--,--,--,--,--,--
606,Penn State,Big Ten,Ja'Juan Seider,--,--,--,--,--,--
607,Virginia Tech,ACC,Justin Hamilton,600000,--,--,--,--,--
608,Boston College,ACC,Steve Shimko,--,--,--,--,--,--
609,Wake Forest,ACC,Ryan Crawford,--,--,--,--,--,--
610,Virginia Tech,ACC,Adam Lechtenberg,200000,--,--,--,--,--
611,Notre Dame,ACC,DelVaughn Alexander,--,--,--,--,--,--
612,Virginia Tech,ACC,Tracy Claeys,500000,--,--,--,--,--
613,Notre Dame,ACC,John McNulty,--,--,--,--,--,--
614,Duke,ACC,Re'quan Boyette,--,--,--,--,--,--
615,Miami,ACC,Jonathan Patke,--,--,--,--,--,--
616,Duke,ACC,Lanier Goethie,--,--,--,--,--,--
617,Notre Dame,ACC,Jeff Quinn,--,--,--,--,--,--
618,Northwestern,Big Ten,Louis Ayeni,--,--,--,--,--,--
619,Virginia Tech,ACC,James Shibest,475000,--,--,--,--,--
620,Southern California,Pac-12,Keary Colbert,--,--,--,--,--,--
621,Texas Christian,Big 12,Jarrett Anderson,--,--,--,--,--,--
622,Wake Forest,ACC,Warren Ruggiero,--,--,--,--,--,--
623,Penn State,Big Ten,Terry Smith,--,--,--,--,--,--
624,Texas Christian,Big 12,Zarnell Fitch,--,--,--,--,--,--
625,Syracuse,ACC,Nick Monroe,--,--,--,--,--,--
626,Penn State,Big Ten,Kirk Ciarrocca,--,--,--,--,--,--
627,Duke,ACC,Matt Guerrieri,--,--,--,--,--,--
628,Stanford,Pac-12,Eric Sanders,--,--,--,--,--,--
629,Stanford,Pac-12,Tavita Pritchard,--,--,--,--,--,--
630,Boston College,ACC,Aazaar Abdul-Rahim,--,--,--,--,--,--
631,Northwestern,Big Ten,Marty Long,--,--,--,--,--,--
632,Pittsburgh,ACC,Archie Collins,--,--,--,--,--,--
633,Vanderbilt,SEC,Marc Mattioli,--,--,--,--,--,--
634,Miami,ACC,Mike Rumph,--,--,--,--,--,--
635,Boston College,ACC,Matt Applebaum,--,--,--,--,--,--
636,Miami,ACC,Eric Hickson,--,--,--,--,--,--
637,Miami,ACC,Rhett Lashlee,--,--,--,--,--,--
638,Stanford,Pac-12,Duane Akina,--,--,--,--,--,--
639,Southern California,Pac-12,Donte Williams,--,--,--,--,--,--
640,Duke,ACC,Greg Frey,--,--,--,--,--,--
641,Vanderbilt,SEC,Tony Ball,--,--,--,--,--,--
642,Southern California,Pac-12,Mike Jinks,--,--,--,--,--,--
643,Boston College,ACC,Sean Duggan,--,--,--,--,--,--
644,Vanderbilt,SEC,Todd Fitch,--,--,--,--,--,--
645,Boston College,ACC,Joe Dailey,--,--,--,--,--,--
646,Wake Forest,ACC,Dave Cohen,--,--,--,--,--,--
647,Pittsburgh,ACC,Chris Beatty,--,--,--,--,--,--
648,Northwestern,Big Ten,Mike Hankwitz,--,--,--,--,--,--
649,Pittsburgh,ACC,Rob Harley,--,--,--,--,--,--
650,Notre Dame,ACC,Brian Polian,--,--,--,--,--,--
651,Virginia Tech,ACC,Jafar Williams,280000,--,--,--,--,--